{
    "observation.state": {
        "mean": [
            0.5301029682159424,
            0.0006127175875008106,
            0.3208114504814148,
            0.3172215521335602,
            -0.09119903296232224,
            -0.05301975458860397,
            0.37953677773475647,
            0.015112307853996754,
            0.2475655972957611,
            -0.015541581436991692,
            -2.0761396884918213,
            -0.03723751753568649,
            2.5374062061309814,
            0.08577312529087067
        ],
        "std": [
            0.11526046693325043,
            0.17508766055107117,
            0.16157574951648712,
            2.781412363052368,
            0.34485235810279846,
            0.7496558427810669,
            0.418218731880188,
            0.31826168298721313,
            0.4946194291114807,
            0.2835463881492615,
            0.4799663722515106,
            0.5096911191940308,
            0.4861564040184021,
            0.7239381670951843
        ],
        "min": [
            -0.22192564606666565,
            -0.827903687953949,
            -0.24001094698905945,
            -3.141592502593994,
            -1.5703768730163574,
            -3.141563653945923,
            0.0,
            -2.664970874786377,
            -1.6156227588653564,
            -2.680800676345825,
            -2.9409868717193604,
            -2.6705946922302246,
            0.24893812835216522,
            -2.761866807937622
        ],
        "max": [
            0.8575563430786133,
            0.8196876049041748,
            1.0111403465270996,
            3.1415927410125732,
            1.5705928802490234,
            3.1415927410125732,
            1.0,
            2.6687583923339844,
            1.5840554237365723,
            2.6957037448883057,
            -0.29779934883117676,
            2.6624162197113037,
            4.28157901763916,
            2.755643367767334
        ],
        "q01": [
            0.26736209958791735,
            -0.4401703763008118,
            -0.0427810287475586,
            -3.1375010013580322,
            -1.2102844715118408,
            -2.1374536204338073,
            0.0,
            -0.9358840203285217,
            -0.8845126914978028,
            -0.9516998279094696,
            -2.7735876727104185,
            -1.8058055281639098,
            1.211466405391693,
            -2.089151668548584
        ],
        "q99": [
            0.7802324891090393,
            0.4409394279122357,
            0.782760812044144,
            3.137559413909912,
            0.8736653280258189,
            2.0176499319076573,
            0.9911894202232361,
            0.9981055355072064,
            1.4211456155776983,
            0.8372088992595699,
            -0.44636924982070836,
            1.6697174942493462,
            3.470238385200501,
            2.2241294598579424
        ]
    },
    "action": {
        "mean": [
            0.5333008766174316,
            0.00040175949106924236,
            0.32263845205307007,
            0.30634260177612305,
            -0.09434697777032852,
            -0.05444207414984703,
            0.024281756952404976,
            -0.002875920385122299,
            0.018233448266983032,
            0.0038623453583568335,
            -0.03020404651761055,
            -0.007724778726696968,
            0.4207580089569092,
            0.15944316983222961,
            0.014264222234487534,
            0.2525460422039032,
            -0.015149222686886787,
            -2.0662245750427246,
            -0.03706594184041023,
            2.540250778198242,
            0.08673430979251862,
            -0.004510974511504173,
            0.014339218847453594,
            0.002262236550450325,
            0.030354879796504974,
            0.0012928518699482083,
            -0.0006219720817171037,
            0.0033850965555757284
        ],
        "std": [
            0.11593657732009888,
            0.17602738738059998,
            0.16214896738529205,
            2.7942583560943604,
            0.3476769030094147,
            0.756449818611145,
            0.25211915373802185,
            0.18553106486797333,
            0.2270297408103943,
            0.21981821954250336,
            0.22736550867557526,
            0.29116934537887573,
            0.4379017651081085,
            0.43238747119903564,
            0.32145625352859497,
            0.48973745107650757,
            0.28499534726142883,
            0.48280277848243713,
            0.5151209831237793,
            0.48979467153549194,
            0.7301526665687561,
            0.14949378371238708,
            0.28983473777770996,
            0.14525704085826874,
            0.2843790650367737,
            0.20957471430301666,
            0.23092615604400635,
            0.24950972199440002
        ],
        "min": [
            -0.02939826250076294,
            -0.04042915254831314,
            -0.016373515129089355,
            -0.050780829042196274,
            -0.03070083074271679,
            -0.05429244786500931,
            -0.02939826250076294,
            -0.04042915254831314,
            -0.016373515129089355,
            -0.050780829042196274,
            -0.03070083074271679,
            -0.05429244786500931,
            0.0,
            -1.0,
            -2.781099557876587,
            -1.6407934427261353,
            -2.772181749343872,
            -2.9508564472198486,
            -2.7826988697052,
            0.17761151492595673,
            -2.901715040206909,
            -1.0,
            -1.0,
            -1.0,
            -1.0,
            -1.0,
            -1.0,
            -1.0
        ],
        "max": [
            0.02017936110496521,
            0.03539801388978958,
            0.02485436201095581,
            0.036637596786022186,
            0.038781408220529556,
            0.050634197890758514,
            0.02017936110496521,
            0.03539801388978958,
            0.02485436201095581,
            0.036637596786022186,
            0.038781408220529556,
            0.050634197890758514,
            1.0,
            1.0,
            2.751160144805908,
            1.6689813137054443,
            2.769918203353882,
            -0.1839631199836731,
            2.781451463699341,
            4.402013778686523,
            2.90183162689209,
            1.0,
            1.0,
            1.0,
            1.0,
            1.0,
            1.0,
            1.0
        ],
        "q01": [
            0.2653030273318291,
            -0.44295967668294906,
            -0.04580880187451839,
            -3.1374151706695557,
            -1.2160829985141755,
            -2.1517505979537965,
            -0.7671820366382599,
            -0.5812531012296677,
            -0.5680612689256668,
            -0.6462401157617569,
            -0.6986615788936615,
            -0.8940888077020646,
            0.0,
            -1.0,
            -0.9461821579933166,
            -0.8763976156711578,
            -0.9654564934968948,
            -2.775611162185669,
            -1.8216787135601042,
            1.1957919597625732,
            -2.104389636516571,
            -0.45862655848264694,
            -0.8009099239110946,
            -0.4387282380461693,
            -0.9120300930738449,
            -0.6156043213605881,
            -0.6251490712165833,
            -0.7382495331764221
        ],