{
    "observation.state": {
        "mean": [
            2.5233612060546875,
            -1.4497382640838623,
            0.7089967727661133,
            0.0,
            0.0,
            0.2580869793891907,
            0.6459704637527466,
            2.511430025100708,
            -1.3600611686706543,
            1.339444875717163,
            0.2642126679420471,
            -0.037328604608774185,
            0.5461296439170837,
            0.47370263934135437,
            0.0261838398873806,
            0.16200047731399536,
            -0.04991654306650162,
            -0.15737581253051758,
            0.12279410660266876,
            0.0075049446895718575,
            0.1954510360956192,
            0.031160902231931686,
            -0.030579933896660805,
            0.0007271775975823402,
            -0.0007187921437434852,
            -0.002226361073553562,
            -0.794463038444519,
            -0.13673430681228638,
            -2.1579504013061523,
            0.22298482060432434,
            1.998918890953064,
            0.623201310634613,
            0.8548306226730347,
            0.5775746703147888,
            0.8072980046272278,
            -0.4509732127189636,
            0.8170415759086609,
            -0.3223782777786255,
            0.567780613899231,
            -0.009903629310429096,
            -0.6532469391822815,
            -0.11583427339792252,
            -0.7166314125061035,
            0.10584983974695206,
            0.8206916451454163,
            0.4264785945415497,
            -0.0051504699513316154,
            0.017983481287956238,
            -0.0032231842633336782,
            0.018490538001060486,
            0.011542796157300472,
            0.03427882865071297,
            -0.008020073175430298
        ],
        "std": [
            1.4186391830444336,
            0.8250066041946411,
            0.008732615038752556,
            0.0,
            0.0,
            0.5877522826194763,
            0.36398187279701233,
            1.579243540763855,
            0.9657800793647766,
            0.25533461570739746,
            0.18807946145534515,
            0.2574712634086609,
            0.23820365965366364,
            0.41681185364723206,
            0.608587920665741,
            0.2949107885360718,
            0.3205944299697876,
            0.7716760039329529,
            0.3555871844291687,
            0.34857386350631714,
            0.23019900918006897,
            0.013369251042604446,
            0.013323074206709862,
            0.014844945631921291,
            0.01693008281290531,
            0.3900049924850464,
            0.609247624874115,
            0.6991883516311646,
            0.6551395654678345,
            0.7366495132446289,
            0.568905234336853,
            0.8584070205688477,
            0.18712373077869415,
            0.31433039903640747,
            0.33794280886650085,
            0.5030199885368347,
            0.4237685203552246,
            0.4407167136669159,
            0.44018274545669556,
            0.30439406633377075,
            0.45045891404151917,
            0.49071264266967773,
            0.2692917585372925,
            0.41677382588386536,
            0.28926900029182434,
            0.5585145950317383,
            0.22057239711284637,
            0.3303338885307312,
            0.25083741545677185,
            0.3530645966529846,
            0.3323102593421936,
            0.3750852048397064,
            0.3499438166618347
        ],
        "min": [
            0.31250813603401184,
            -5.110836982727051,
            0.6947912573814392,
            0.0,
            0.0,
            -1.0,
            0.0,
            0.011350978165864944,
            -5.129131317138672,
            0.6468141078948975,
            -0.46594083309173584,
            -0.8583298325538635,
            -0.05373392626643181,
            -0.9724215269088745,
            -0.9999970197677612,
            -0.9864645600318909,
            -0.9823317527770996,
            -0.9999996423721313,
            -0.9978545904159546,
            -0.9934196472167969,
            1.742676403182486e-08,
            -0.034708939492702484,
            -0.12887509167194366,
            -3.065218210220337,
            -1.0290303230285645,
            -2.907266616821289,
            -1.7821346521377563,
            -2.9019548892974854,
            -3.095099449157715,
            -2.937913417816162,
            -0.0009604570223018527,
            -2.92836594581604,
            -0.9743798971176147,
            -0.20976868271827698,
            -0.9747722744941711,
            -0.9989193677902222,
            -0.9796231389045715,
            -1.0,
            -0.9826104044914246,
            -1.0,
            -1.0,
            -1.0,
            -1.0,
            -1.0,
            -0.6045919060707092,
            -1.0,
            -4.643657207489014,
            -3.8053159713745117,
            -10.225778579711914,
            -5.300220489501953,
            -8.159320831298828,
            -7.285642147064209,
            -6.582308292388916
        ],
        "max": [
            5.60412073135376,
            -0.4872598946094513,
            0.8319682478904724,
            0.0,
            0.0,
            1.0,
            1.0,
            6.200742721557617,
            -0.00844558235257864,
            1.8568346500396729,
            0.8734620809555054,
            0.9110966920852661,
            1.1568338871002197,
            0.9999977350234985,
            0.9999508857727051,
            0.9938080310821533,
            0.9647020697593689,
            0.9999980926513672,
            0.998063862323761,
            0.9959006905555725,
            0.9754553437232971,
            0.0993952602148056,
            0.12181679159402847,
            3.6628172397613525,
            16.347944259643555,
            2.914743423461914,
            1.7686904668807983,
            2.916494846343994,
            -0.016307059675455093,
            2.939373016357422,
            3.790846109390259,
            2.954829454421997,
            1.0,
            1.0,
            1.0,
            0.9998670220375061,
            1.0,
            0.9999995231628418,
            1.0,
            1.0,
            1.0,
            1.0,
            -0.016306336969137192,
            1.0,
            1.0,
            1.0,
            4.507856369018555,
            4.772953987121582,
            5.447414875030518,
            6.97592830657959,
            11.213868141174316,
            8.45352554321289,
            7.553228378295898
        ],