{
    "action": {
        "mean": [
            113.70831298828125,
            115.85425567626953,
            108.63793182373047,
            73.76486206054688,
            -42.69032287597656,
            16.021728515625
        ],
        "std": [
            36.58461380004883,
            33.65233612060547,
            25.02613067626953,
            22.343610763549805,
            37.90693283081055,
            14.06087589263916
        ],
        "min": [
            38.84765625,
            37.705078125,
            20.91796875,
            -7.20703125,
            -166.9921875,
            -7.30240535736084
        ],
        "max": [
            207.24609375,
            194.58984375,
            174.990234375,
            115.927734375,
            62.75390625,
            58.67697525024414
        ],
        "q01": [
            59.677734375,
            51.6796875,
            42.451171875,
            22.236328125,
            -134.912109375,
            -3.6941580772399902
        ],
        "q99": [
            195.029296875,
            189.31640625,
            164.794921875,
            111.97265625,
            11.689453125,
            48.539520263671875
        ]
    },
    "observation.state": {
        "mean": [
            113.23931884765625,
            114.70135498046875,
            109.06269073486328,
            73.29328155517578,
            -42.29624557495117,
            16.143075942993164
        ],
        "std": [
            36.5380744934082,
            34.050819396972656,
            24.762542724609375,
            22.162004470825195,
            37.70439529418945,
            13.105600357055664
        ],
        "min": [
            38.056640625,
            35.947265625,
            22.412109375,
            -5.185546875,
            -165.5859375,
            -3.5523979663848877
        ],
        "max": [
            206.19140625,
            192.48046875,
            173.583984375,
            112.67578125,
            61.435546875,
            57.46003723144531
        ],
        "q01": [
            59.0625,
            50.09765625,
            43.857421875,
            22.412109375,
            -134.384765625,
            -1.509769082069397
        ],
        "q99": [
            194.4140625,
            188.525390625,
            164.794921875,
            111.005859375,
            11.337890625,
            47.51332092285156
        ]
    },
    "timestamp": {
        "mean": [
            16.576801300048828
        ],
        "std": [
            10.159133911132812
        ],
        "min": [
            0.0
        ],
        "max": [
            41.36666488647461
        ],
        "q01": [
            0.30000001192092896
        ],
        "q99": [
            37.266666412353516
        ]
    },
    "frame_index": {
        "mean": [
            497.3040466308594
        ],
        "std": [
            304.7740173339844
        ],
        "min": [
            0.0
        ],
        "max": [
            1241.0
        ],
        "q01": [
            9.0
        ],
        "q99": [
            1118.0
        ]
    },
    "episode_index": {
        "mean": [
            21.893177032470703
        ],
        "std": [
            13.786188125610352
        ],
        "min": [
            0.0
        ],
        "max": [
            49.0
        ],
        "q01": [
            0.0
        ],
        "q99": [
            49.0
        ]
    },
    "index": {
        "mean": [
            23454.546875
        ],
        "std": [
            14277.7294921875
        ],
        "min": [
            0.0
        ],
        "max": [
            53027.0
        ],
        "q01": [
            428.0
        ],
        "q99": [
            52170.45
        ]
    },
    "task_index": {
        "mean": [
            2.3152260780334473
        ],
        "std": [
            2.6999943256378174
        ],
        "min": [
            0.0
        ],
        "max": [
            8.0
        ],
        "q01": [
            0.0
        ],
        "q99": [
            8.0
        ]
    }
}