{
    "observation.state": {
        "mean": [
            -0.1721954196691513,
            0.18329788744449615,
            -0.13603615760803223,
            -1.0807313919067383,
            0.14450088143348694,
            0.1319544017314911,
            -0.08306947350502014,
            0.21940384805202484,
            0.21819256246089935,
            0.20426052808761597,
            0.22833923995494843,
            0.06841608136892319,
            0.9091449975967407,
            0.0,
            0.0,
            0.0,
            0.0,
            7.68979953136295e-06,
            -2.6351963242632337e-06,
            -0.0008622645400464535,
            5.3951262088958174e-05,
            -0.00013521323853638023,
            -0.1590277999639511,
            -0.2511773109436035,
            0.08599518239498138,
            -1.1420482397079468,
            0.21259814500808716,
            0.04237671568989754,
            0.03427042067050934,
            0.34993353486061096,
            0.3412855267524719,
            0.3271332383155823,
            0.3575766980648041,
            0.09723818302154541,
            1.0641368627548218,
            0.0,
            0.0,
            0.0,
            0.0,
            8.152188684107387e-07,
            -7.940252544358373e-06,
            0.014510802924633026,
            0.014398206025362015,
            -0.00020241182937752455
        ],
        "std": [
            0.40682145953178406,
            0.18259239196777344,
            0.25132784247398376,
            0.5786943435668945,
            0.33050763607025146,
            0.28609949350357056,
            0.30134323239326477,
            0.4278457462787628,
            0.41304099559783936,
            0.3710329830646515,
            0.42297253012657166,
            0.18603332340717316,
            0.7297042012214661,
            0.0,
            0.0,
            0.0,
            0.0,
            1.7361962818540633e-05,
            5.2996829253970645e-06,
            0.01196372415870428,
            0.0034790514037013054,
            0.0031053286511451006,
            0.563156247138977,
            0.24450603127479553,
            0.32825493812561035,
            0.7310536503791809,
            0.4813914895057678,
            0.35611921548843384,
            0.509053111076355,
            0.4914742112159729,
            0.4654525816440582,
            0.4451630115509033,
            0.4866269826889038,
            0.1814946085214615,
            0.573503315448761,
            0.0,
            0.0,
            0.0,
            0.0,
            1.92081461136695e-06,
            1.7361962818540633e-05,
            0.12270263582468033,
            0.032448362559080124,
            0.00728295324370265
        ],
        "min": [
            -1.7593636512756348,
            -0.08899051696062088,
            -1.6571800708770752,
            -2.516343355178833,
            -2.307133436203003,
            -1.4132264852523804,
            -1.4408576488494873,
            -3.262805700302124,
            -2.7771592140197754,
            -3.4712820053100586,
            -2.7828404903411865,
            -2.197380781173706,
            -2.636387825012207,
            0.0,
            0.0,
            0.0,
            0.0,
            -2.446335656713927e-06,
            -1.6033794963732362e-05,
            -0.23586410284042358,
            -0.03865945711731911,
            -0.06754876673221588,
            -2.2743337154388428,
            -2.999122142791748,
            -1.7424250841140747,
            -2.536545753479004,
            -2.6034910678863525,
            -1.5032434463500977,
            -1.4913568496704102,
            -1.7595213651657104,
            -1.8982670307159424,
            -1.8622381687164307,
            -1.8314869403839111,
            -1.0045679807662964,
            -0.31411829590797424,
            0.0,
            0.0,
            0.0,
            0.0,
            -2.446335656713927e-06,
            -5.166131450096145e-05,
            -0.8131351470947266,
            -0.4901888370513916,
            -0.7304351925849915
        ],
        "max": [
            1.3570959568023682,
            1.5781080722808838,
            1.7425614595413208,
            0.04977008327841759,
            2.521491289138794,
            1.5104753971099854,
            1.3451268672943115,
            2.8765757083892822,
            2.6975045204162598,
            3.3291828632354736,
            2.7148845195770264,
            3.664421558380127,
            3.5466625690460205,
            0.0,
            0.0,
            0.0,
            0.0,
            5.186659473110922e-05,
            0.0,
            0.01535311620682478,
            0.05556071177124977,
            0.008969387039542198,
            1.7399436235427856,
            0.07876992970705032,
            2.5426626205444336,
            0.048908114433288574,
            3.000918388366699,
            1.4513440132141113,
            1.5000383853912354,
            2.397510290145874,
            2.4422738552093506,
            3.0158462524414062,
            2.457378625869751,
            1.4605257511138916,
            2.168534278869629,
            0.0,
            0.0,
            0.0,
            0.0,
            5.369959126255708e-06,
            0.0,
            1.0323854684829712,
            0.7102982997894287,
            0.43762317299842834
        ],
        "q01": [
            -1.6011584222316741,
            -0.0004831812286283818,
            -0.9488833963871002,
            -2.43623423576355,
            -0.940359205007553,
            -0.648951044678688,
            -0.9641011685132981,
            -0.17130047902464868,
            -0.002568027237430215,
            -0.002998544566798955,
            -0.0024907408631406726,
            -0.14894675761461257,
            -0.0002731013679294847,
            0.0,
            0.0,
            0.0,
            0.0,
            -2.446335656713927e-06,
            -1.6033794963732362e-05,
            -0.00492388429120183,
            -0.0027977502904832363,
            0.0,
            -1.4233640372753142,
            -1.0436977982521056,
            -0.7169023394584656,
            -2.4936094284057617,
            -0.7377233326435089,
            -0.8036172896623611,
            -0.9991738587617874,
            -0.004218762856908143,
            -0.004575904295779765,
            -0.005576773989014327,
            -0.004707079078070819,
            -0.18967307358980176,
            0.03200087323784828,
            0.0,
            0.0,
            0.0,
            0.0,
            -2.446335656713927e-06,
            -5.166131450096145e-05,
            -0.3365072563290596,
            -0.0290498711168766,
            -0.026060330495238305
        ],